{"cameraMode":{"drawMode":0,"name":"Shaded","section":"Shading Mode"},"sceneLighting":true,"audioPlay":false,"sceneViewState":{"m_AlwaysRefresh":false,"showFog":true,"showSkybox":true,"showFlares":true,"showImageEffects":true,"showParticleSystems":true,"showVisualEffectGraphs":true,"m_FxEnabled":true},"in2DMode":false,"pivot":{"x":224.0618438720703,"y":618.6710205078125,"z":180.13133239746095},"rotation":{"x":0.0421503409743309,"y":-0.9314950704574585,"z":0.34266385436058047,"w":0.11458677798509598},"size":11.973995208740235,"orthographic":true}