{"cameraMode":{"drawMode":0,"name":"Shaded","section":"Shading Mode"},"sceneLighting":true,"audioPlay":false,"sceneViewState":{"m_AlwaysRefresh":false,"showFog":true,"showSkybox":true,"showFlares":true,"showImageEffects":true,"showParticleSystems":true,"showVisualEffectGraphs":true,"m_FxEnabled":true},"in2DMode":false,"pivot":{"x":229.47804260253907,"y":623.6246337890625,"z":169.0693817138672},"rotation":{"x":-0.017287224531173707,"y":0.9704089760780335,"z":-0.2297743856906891,"w":-0.07291076332330704},"size":29.569597244262697,"orthographic":true}