{"cameraMode":{"drawMode":0,"name":"Shaded","section":"Shading Mode"},"sceneLighting":true,"audioPlay":false,"sceneViewState":{"m_AlwaysRefresh":false,"showFog":true,"showSkybox":true,"showFlares":true,"showImageEffects":true,"showParticleSystems":true,"showVisualEffectGraphs":true,"m_FxEnabled":true},"in2DMode":false,"pivot":{"x":217.98599243164063,"y":616.3804931640625,"z":170.88931274414063},"rotation":{"x":0.0976196750998497,"y":-0.8734346628189087,"z":0.43492045998573305,"w":0.19604641199111939},"size":17.828235626220704,"orthographic":true}