{"cameraMode":{"drawMode":0,"name":"Shaded","section":"Shading Mode"},"sceneLighting":true,"audioPlay":false,"sceneViewState":{"m_AlwaysRefresh":false,"showFog":true,"showSkybox":true,"showFlares":true,"showImageEffects":true,"showParticleSystems":true,"showVisualEffectGraphs":true,"m_FxEnabled":true},"in2DMode":false,"pivot":{"x":230.86544799804688,"y":613.3359985351563,"z":189.71018981933595},"rotation":{"x":-0.19171276688575746,"y":-0.5126280188560486,"z":0.11862309277057648,"w":-0.8284896612167358},"size":1.7238984107971192,"orthographic":true}