{"cameraMode":{"drawMode":0,"name":"Shaded","section":"Shading Mode"},"sceneLighting":true,"audioPlay":false,"sceneViewState":{"m_AlwaysRefresh":false,"showFog":true,"showSkybox":true,"showFlares":true,"showImageEffects":true,"showParticleSystems":true,"showVisualEffectGraphs":true,"m_FxEnabled":true},"in2DMode":false,"pivot":{"x":201.28001403808595,"y":591.6958618164063,"z":170.53199768066407},"rotation":{"x":0.19201475381851197,"y":-0.8075013160705566,"z":0.4096757471561432,"w":0.3784756362438202},"size":31.720508575439454,"orthographic":true}