{"cameraMode":{"drawMode":0,"name":"Shaded","section":"Shading Mode"},"sceneLighting":true,"audioPlay":false,"sceneViewState":{"m_AlwaysRefresh":false,"showFog":true,"showSkybox":true,"showFlares":true,"showImageEffects":true,"showParticleSystems":true,"showVisualEffectGraphs":true,"m_FxEnabled":true},"in2DMode":false,"pivot":{"x":220.18350219726563,"y":625.1128540039063,"z":204.3071746826172},"rotation":{"x":0.06574368476867676,"y":0.9218473434448242,"z":-0.17915531992912293,"w":0.33751991391181948},"size":29.569597244262697,"orthographic":true}