{"cameraMode":{"drawMode":0,"name":"Shaded","section":"Shading Mode"},"sceneLighting":true,"audioPlay":false,"sceneViewState":{"m_AlwaysRefresh":false,"showFog":true,"showSkybox":true,"showFlares":true,"showImageEffects":true,"showParticleSystems":true,"showVisualEffectGraphs":true,"m_FxEnabled":true},"in2DMode":false,"pivot":{"x":167.45199584960938,"y":634.0786743164063,"z":295.0704650878906},"rotation":{"x":0.02279743179678917,"y":0.961155891418457,"z":-0.08230778574943543,"w":0.26286783814430239},"size":43.539730072021487,"orthographic":true}