{"cameraMode":{"drawMode":0,"name":"Shaded","section":"Shading Mode"},"sceneLighting":true,"audioPlay":false,"sceneViewState":{"m_AlwaysRefresh":false,"showFog":true,"showSkybox":true,"showFlares":true,"showImageEffects":true,"showParticleSystems":true,"showVisualEffectGraphs":true,"m_FxEnabled":true},"in2DMode":false,"pivot":{"x":204.74264526367188,"y":614.1920776367188,"z":167.92552185058595},"rotation":{"x":0.06516476720571518,"y":-0.8285258412361145,"z":0.09864243865013123,"w":0.5473302006721497},"size":13.189842224121094,"orthographic":true}