{"cameraMode":{"drawMode":0,"name":"Shaded","section":"Shading Mode"},"sceneLighting":true,"audioPlay":false,"sceneViewState":{"m_AlwaysRefresh":false,"showFog":true,"showSkybox":true,"showFlares":true,"showImageEffects":true,"showParticleSystems":true,"showVisualEffectGraphs":true,"m_FxEnabled":true},"in2DMode":false,"pivot":{"x":220.46434020996095,"y":597.5800170898438,"z":161.79701232910157},"rotation":{"x":-0.019788606092333795,"y":0.8841429352760315,"z":-0.4653679430484772,"w":-0.037724316120147708},"size":21.026470184326173,"orthographic":true}