{"cameraMode":{"drawMode":0,"name":"Shaded","section":"Shading Mode"},"sceneLighting":true,"audioPlay":false,"sceneViewState":{"m_AlwaysRefresh":false,"showFog":true,"showSkybox":true,"showFlares":true,"showImageEffects":true,"showParticleSystems":true,"showVisualEffectGraphs":true,"m_FxEnabled":true},"in2DMode":false,"pivot":{"x":249.6758575439453,"y":619.2257690429688,"z":194.37782287597657},"rotation":{"x":-0.11102022230625153,"y":-0.31152161955833437,"z":0.036137621849775317,"w":-0.9432094097137451},"size":12.308131217956543,"orthographic":true}