{"cameraMode":{"drawMode":0,"name":"Shaded","section":"Shading Mode"},"sceneLighting":true,"audioPlay":false,"sceneViewState":{"m_AlwaysRefresh":false,"showFog":true,"showSkybox":true,"showFlares":true,"showImageEffects":true,"showParticleSystems":true,"showVisualEffectGraphs":true,"m_FxEnabled":true},"in2DMode":false,"pivot":{"x":204.14849853515626,"y":611.0306396484375,"z":170.83905029296876},"rotation":{"x":-0.1084817424416542,"y":0.8758944869041443,"z":-0.23253807425498963,"w":-0.40861523151397707},"size":6.145711898803711,"orthographic":true}