{"cameraMode":{"drawMode":0,"name":"Shaded","section":"Shading Mode"},"sceneLighting":true,"audioPlay":false,"sceneViewState":{"m_AlwaysRefresh":false,"showFog":true,"showSkybox":true,"showFlares":true,"showImageEffects":true,"showParticleSystems":true,"showVisualEffectGraphs":true,"m_FxEnabled":true},"in2DMode":false,"pivot":{"x":230.35516357421876,"y":616.3087768554688,"z":171.85987854003907},"rotation":{"x":-0.07857714593410492,"y":-0.3493497967720032,"z":0.02941233478486538,"w":-0.9332326054573059},"size":11.043506622314454,"orthographic":true}