{"cameraMode":{"drawMode":0,"name":"Shaded","section":"Shading Mode"},"sceneLighting":true,"audioPlay":false,"sceneViewState":{"m_AlwaysRefresh":false,"showFog":true,"showSkybox":true,"showFlares":true,"showImageEffects":true,"showParticleSystems":true,"showVisualEffectGraphs":true,"m_FxEnabled":true},"in2DMode":false,"pivot":{"x":228.11766052246095,"y":618.3028564453125,"z":212.65374755859376},"rotation":{"x":0.000779957277700305,"y":0.999178946018219,"z":-0.03448421508073807,"w":0.02217031456530094},"size":4.8220343589782719,"orthographic":false}