{"cameraMode":{"drawMode":0,"name":"Shaded","section":"Shading Mode"},"sceneLighting":true,"audioPlay":false,"sceneViewState":{"m_AlwaysRefresh":false,"showFog":true,"showSkybox":true,"showFlares":true,"showImageEffects":true,"showParticleSystems":true,"showVisualEffectGraphs":true,"m_FxEnabled":true},"in2DMode":false,"pivot":{"x":229.47804260253907,"y":623.6246337890625,"z":169.0693817138672},"rotation":{"x":0.025939013808965684,"y":0.9635043740272522,"z":-0.10155321657657623,"w":0.24654270708560944},"size":29.569597244262697,"orthographic":true}